Dr. Amer  Mousa  Alkharoubi,http://www.kfupm.edu.sa/departments/arch/Lists/Faculties/Attachments/11/Pic-1.jpg
Dr. Jamal Al-Qawasmi,http://www.kfupm.edu.sa/departments/arch/Lists/Faculties/Attachments/4/Pic-2.jpg
Dr. Omar S. Asfour,http://www.kfupm.edu.sa/departments/arch/Lists/Faculties/Attachments/15/asfour.jpg
Dr. A K M Kausarul Islam ,http://www.kfupm.edu.sa/departments/arch/Lists/Faculties/Attachments/24/kausar.jpg
Dr. Ahmed Mohsen Abdelfattah ,http://www.kfupm.edu.sa/departments/arch/Lists/Faculties/Attachments/5/Ahmed.jpg
Dr. Jasim Azhar ,http://www.kfupm.edu.sa/departments/arch/Lists/Faculties/Attachments/25/Jasim.jpg
Dr. Mahmoud E. Hallak,http://www.kfupm.edu.sa/departments/arch/Lists/Faculties/Attachments/18/Hallak.jpg
Dr. Mohammad Sharif Zami​  ,http://www.kfupm.edu.sa/departments/arch/Lists/Faculties/Attachments/3/Zami.jpg
Dr. Nicola Delledonne,http://www.kfupm.edu.sa/departments/arch/Lists/Faculties/Attachments/17/1bd6482dff0d4bcb9579e262c9134c73.jpeg
Dr. Omar Al-Mahdi,http://www.kfupm.edu.sa/departments/arch/Lists/Faculties/Attachments/9/Dr.%20Omar%20Esam%20Ahmed%20Almahdy.jpg
Dr. Shamim Javed,http://www.kfupm.edu.sa/departments/arch/Lists/Faculties/Attachments/16/shameem.jpg
Yahya Al-Najjar ,http://www.kfupm.edu.sa/departments/arch/Lists/Faculties/Attachments/7/yahya.jpg
Ali Al-Abbad ,http://www.kfupm.edu.sa/departments/arch/Lists/Faculties/Attachments/13/Mr.%20Ali%20-%20Copy.jpg
Riyad Ashmeel,http://www.kfupm.edu.sa/departments/arch/Lists/Faculties/Attachments/10/riyad.jpg
Turki M. Ibrahim,http://www.kfupm.edu.sa/departments/arch/Lists/Faculties/Attachments/20/Turki%20Ibrahim%20-%20Copy.jpg
Ziyad Ashor,http://www.kfupm.edu.sa/departments/arch/Lists/Faculties/Attachments/12/Ziad_Ashour%20-%20Copy.jpg
Tariq Kenanah,http://www.kfupm.edu.sa/departments/arch/Lists/Faculties/Attachments/26/Tariq%20.jpg
Yazid Al-Amasi,http://www.kfupm.edu.sa/departments/arch/Lists/Faculties/Attachments/21/formal%20yazz%20-%20Copy.jpg
