HAMOUD ALJAMAAN,http://www.kfupm.edu.sa/departments/ics/Lists/Faculties/Attachments/29/Hamoud%20Aljamaan-New%20(as%20ICS%20Chairman).jpg
ADEL FADHL AHMED,http://www.kfupm.edu.sa/departments/ics/Lists/Faculties/Attachments/2/adelahmed.jpg
EL-SAYED MOHAMED EL-ALFY,http://www.kfupm.edu.sa/departments/ics/Lists/Faculties/Attachments/8/Dr_ElAlfy1.jpg
MAHMOOD KHAN NIAZI,http://www.kfupm.edu.sa/departments/ics/Lists/Faculties/Attachments/12/mahmoodniazi.jpg
MOHAMMAD RABAH ALSHAYEB,http://www.kfupm.edu.sa/departments/ics/Lists/Faculties/Attachments/7/M%20Alshayeb.jpg
ANDRI MIRZAL,http://www.kfupm.edu.sa/departments/ics/Lists/Faculties/Attachments/51/Andri.JPG
FARAG AHMED AZZEDIN,http://www.kfupm.edu.sa/departments/ics/Lists/Faculties/Attachments/11/farrag.jpg
HASSINE JAMELEDDINE,http://www.kfupm.edu.sa/departments/ics/Lists/Faculties/Attachments/14/jamaledien.jfif
MOATAZ AHMED,http://www.kfupm.edu.sa/departments/ics/Lists/Faculties/Attachments/10/Moataz.jpeg
MOHAMMED RAFI UL HASSAN,http://www.kfupm.edu.sa/departments/ics/Lists/Faculties/Attachments/25/rafi.jpg
SAJJAD MAHMOOD,http://www.kfupm.edu.sa/departments/ics/Lists/Faculties/Attachments/17/sajjad.jpg
TAREK HELMY EL-BASUNY,http://www.kfupm.edu.sa/departments/ics/Lists/Faculties/Attachments/9/tareqBassuni.jpg
ABDULAZIZ ALKHORAIDLY,http://www.kfupm.edu.sa/departments/ics/Lists/Faculties/Attachments/26/alkhoraidly.jpeg
AHMED ALHERZ,http://www.kfupm.edu.sa/departments/ics/Lists/Faculties/Attachments/40/alherz.jpg
EMAD RAMADAN,http://www.kfupm.edu.sa/departments/ics/Lists/Faculties/Attachments/27/emadramadan.jpg
HAMZAH LUQMAN,http://www.kfupm.edu.sa/departments/ics/Lists/Faculties/Attachments/47/hamzahluqman.jpg
HUSNI A. AL-MUHTASEB,http://www.kfupm.edu.sa/departments/ics/Lists/Faculties/Attachments/22/husni.jfif
IMANE BOUDELLIOUA,http://www.kfupm.edu.sa/departments/ics/Lists/Faculties/Attachments/52/images_f.jpg
IRFAN AHMAD,http://www.kfupm.edu.sa/departments/ics/Lists/Faculties/Attachments/38/irfan.jpg
KHALED ALUTAIBI,http://www.kfupm.edu.sa/departments/ics/Lists/Faculties/Attachments/50/khaled.jpeg
KHALID AL-JASSER,http://www.kfupm.edu.sa/departments/ics/Lists/Faculties/Attachments/23/aljasser.jfif
MALAK BASLYMAN,http://www.kfupm.edu.sa/departments/ics/Lists/Faculties/Attachments/55/images_f.jpg
MD. MAHFUZUR RAHMAN,http://www.kfupm.edu.sa/departments/ics/Lists/Faculties/Attachments/53/Photo_Mahfuz.jpg
RABEAH ALZAIDY,http://www.kfupm.edu.sa/departments/ics/Lists/Faculties/Attachments/54/images_f.jpg
SALAHADIN ADAM MOHAMMED,http://www.kfupm.edu.sa/departments/ics/Lists/Faculties/Attachments/16/Salahadin.jpg
SAMER ARAFAT,http://www.kfupm.edu.sa/departments/ics/Lists/Faculties/Attachments/21/Samer-Arafat.jpg
SULTAN AHMAD AL MUHAMMADI,http://www.kfupm.edu.sa/departments/ics/Lists/Faculties/Attachments/20/SULTAN%20AHMAD%20ALMUHAMMADI.jpg
WASFI GHASSAN AL-KHATIB,http://www.kfupm.edu.sa/departments/ics/Lists/Faculties/Attachments/18/Dr.%20Wasfi2.jpg
FAISAL ALVI,http://www.kfupm.edu.sa/departments/ics/Lists/Faculties/Attachments/31/alvi.jpg
JAWEED YAZDANI,http://www.kfupm.edu.sa/departments/ics/Lists/Faculties/Attachments/34/JAWEED%20YAZDANI.jpg
MAJID ALFIFI,http://www.kfupm.edu.sa/departments/ics/Lists/Faculties/Attachments/49/majid2.jpeg
MANSOUR ALHARTHI,http://www.kfupm.edu.sa/departments/ics/Lists/Faculties/Attachments/45/malharthi.jpeg
MUHAMMAD WAHEED ASLAM,http://www.kfupm.edu.sa/departments/ics/Lists/Faculties/Attachments/33/MUHAMMAD%20WAHEED%20ASLAM.jpg
SAID ABDALLAH MUHAMMAD,http://www.kfupm.edu.sa/departments/ics/Lists/Faculties/Attachments/37/SAID%20ABDALLAH%20MUHAMMAD.jpg
YAHYA MOHAMMAD GAROUT,http://www.kfupm.edu.sa/departments/ics/Lists/Faculties/Attachments/32/YAHYA%20MOHAMMAD%20GAROUT.jpg
YUSUF SHARIF HASSAN,http://www.kfupm.edu.sa/dept_siteassets/images/staff.png
MOHAMED ALI BALAH,http://www.kfupm.edu.sa/departments/ics/Lists/Faculties/Attachments/30/MOHAMED%20ALI%20BALAH.jpg
ABDULMJEED ALOTHMAN,http://www.kfupm.edu.sa/departments/ics/Lists/Faculties/Attachments/43/AlOthman.JPG
ALWALEED ALKHODAIRI,http://www.kfupm.edu.sa/departments/ics/Lists/Faculties/Attachments/56/pandaknapanot.jpg
MOAYAD ALNAMMI,http://www.kfupm.edu.sa/departments/ics/Lists/Faculties/Attachments/48/Alnammi_M.JPG
MUSTAFA ALTURKI,http://www.kfupm.edu.sa/departments/ics/Lists/Faculties/Attachments/44/mustafaalturki.jpg
OMAR HAMMAD,http://www.kfupm.edu.sa/departments/ics/Lists/Faculties/Attachments/46/OmarHammad.jfif
