"Dr.Abuihlail, J. Y.",https://mathfiles.kfupm.edu.sa/data/files/mathonly/PHOTOS/abuhlail.JPG
"Dr.Ahmad, I.",https://mathfiles.kfupm.edu.sa/data/files/mathonly/PHOTOS/drizhar.JPG
"Dr.Alassar, R. S.",https://mathfiles.kfupm.edu.sa/data/files/mathonly/PHOTOS/alassar.JPG
"Dr.Alfuraidan, M. R.",https://mathfiles.kfupm.edu.sa/data/files/mathonly/PHOTOS/monther.JPG
"Dr.Bokhari, A. H.",https://mathfiles.kfupm.edu.sa/data/files/mathonly/PHOTOS/abokhari.JPG
"Dr.Echi, O. E.",https://mathfiles.kfupm.edu.sa/data/files/mathonly/PHOTOS/echi.JPG
"Dr.Furati, K. M.",https://mathfiles.kfupm.edu.sa/data/files/mathonly/PHOTOS/kmfurati.JPG
"Dr.Al-Homidan, S.",https://mathfiles.kfupm.edu.sa/data/files/mathonly/PHOTOS/homidan.JPG
"Dr.Kabbaj, S.",https://mathfiles.kfupm.edu.sa/data/files/mathonly/PHOTOS/kabbaj.JPG
"Dr.Khan, A. R.",https://mathfiles.kfupm.edu.sa/data/files/mathonly/PHOTOS/arahim.JPG
"Dr.Laradji, A.",https://mathfiles.kfupm.edu.sa/data/files/mathonly/PHOTOS/alaradji.JPG
"Dr.Mimouni, A.",https://mathfiles.kfupm.edu.sa/data/files/mathonly/PHOTOS/amimouni.JPG
"Dr.Mustapha, K. A.",https://mathfiles.kfupm.edu.sa/data/files/mathonly/PHOTOS/kassem.JPG
"Dr.Riaz, M.",https://mathfiles.kfupm.edu.sa/data/files/mathonly/PHOTOS/riazm.JPG
"Dr.Tatar, N. M.",https://mathfiles.kfupm.edu.sa/data/files/mathonly/PHOTOS/tatarn.JPG
"Dr.Abbas, N.",https://mathfiles.kfupm.edu.sa/data/files/mathonly/PHOTOS/nasirabbas.JPG
"Dr.Abu-Sbeih, M. I.",https://mathfiles.kfupm.edu.sa/data/files/mathonly/PHOTOS/abusbeih.JPG
"Dr.Ait Haddou, R.",https://mathfiles.kfupm.edu.sa/data/files/mathonly/PHOTOS/rachidaithaddou.JPG
"Dr.Alshahrani, M. M.",https://mathfiles.kfupm.edu.sa/data/files/mathonly/PHOTOS/mshahrani.JPG
"Dr.Belhaiza, S.",https://mathfiles.kfupm.edu.sa/data/files/mathonly/PHOTOS/slimb.JPG
"Dr.Bonfoh, A. S.",https://mathfiles.kfupm.edu.sa/data/files/mathonly/PHOTOS/bonfoh.JPG
"Dr.Boubaker, S. A.",https://mathfiles.kfupm.edu.sa/data/files/mathonly/PHOTOS/boubaker.JPG
"Dr.Fairag, F. A.",https://mathfiles.kfupm.edu.sa/data/files/mathonly/PHOTOS/ffairag.JPG
"Dr.Khalfallah, A. K.",https://mathfiles.kfupm.edu.sa/data/files/mathonly/PHOTOS/khelifa.JPG
"Dr.Mezerdi, B.",https://mathfiles.kfupm.edu.sa/data/files/mathonly/PHOTOS/brahimmezerdi.JPG
"Dr.Omar, M. H.",https://mathfiles.kfupm.edu.sa/data/files/mathonly/PHOTOS/omarmh.JPG
"Dr.Yousuf, M.",https://mathfiles.kfupm.edu.sa/data/files/mathonly/PHOTOS/myousuf.JPG
"Dr.Adouani, Ines",https://mathfiles.kfupm.edu.sa/data/files/mathonly/PHOTOS/inesadouani.JPG
"Dr.Afuecheta, E. O.",https://mathfiles.kfupm.edu.sa/data/files/mathonly/PHOTOS/emmanuelafuecheta.JPG
"Dr.Al-Khulaifi, W. A.",https://mathfiles.kfupm.edu.sa/data/files/mathonly/PHOTOS/waledalkhulaifi.JPG
"Dr.Al-Kurdi, T.",https://mathfiles.kfupm.edu.sa/data/files/mathonly/PHOTOS/tsoalkurdi.JPG
"Dr.Al-Smail, J. H.",https://mathfiles.kfupm.edu.sa/data/files/mathonly/PHOTOS/jamalhas.JPG
"Dr.Alanezy, K. A.",https://mathfiles.kfupm.edu.sa/data/files/mathonly/PHOTOS/alanezy.JPG
"Dr.AlMutawa, J. H.",https://mathfiles.kfupm.edu.sa/data/files/mathonly/PHOTOS/jaafarm.JPG
"Dr.Alotibi, M. T.",https://mathfiles.kfupm.edu.sa/data/files/mathonly/PHOTOS/manalalotibi.JPG
"Dr.AlRasasi, I.",https://mathfiles.kfupm.edu.sa/data/files/mathonly/PHOTOS/irasasi.JPG
"Dr.Al-Assaf, A. M.",https://mathfiles.kfupm.edu.sa/data/files/mathonly/PHOTOS/alassaf.JPG
"Dr.Al-Attas, H. S.",https://mathfiles.kfupm.edu.sa/data/files/mathonly/PHOTOS/halattas.JPG
"Dr.Butt, M. M.",https://mathfiles.kfupm.edu.sa/data/files/mathonly/PHOTOS/munirbutt.JPG
"Dr.Duman, A. N.",https://mathfiles.kfupm.edu.sa/data/files/mathonly/PHOTOS/aliduman.JPG
"Dr.Elgindy, K. T.",https://mathfiles.kfupm.edu.sa/data/files/mathonly/PHOTOS/kareemelgindy.JPG
"Dr.Al-Garni, S. A.",https://mathfiles.kfupm.edu.sa/data/files/mathonly/PHOTOS/garnis.JPG
"Dr.Al-Humaidi, B. A.",https://mathfiles.kfupm.edu.sa/data/files/mathonly/PHOTOS/humaidib.JPG
"Dr.Joo, J.",https://mathfiles.kfupm.edu.sa/data/files/mathonly/PHOTOS/jcjoo.JPG
"Mr.Kadri, A.",https://mathfiles.kfupm.edu.sa/data/files/mathonly/PHOTOS/akadri.JPG
"Dr.Kroumi, D.",https://mathfiles.kfupm.edu.sa/data/files/mathonly/PHOTOS/dhakerkroumi.JPG
"Dr.Qureshi, M. I.",https://mathfiles.kfupm.edu.sa/data/files/mathonly/PHOTOS/imranqureshi.JPG
"Dr.Saleh, K.",https://mathfiles.kfupm.edu.sa/data/files/mathonly/PHOTOS/khairul.JPG
"Dr.Sarwar, S.",https://mathfiles.kfupm.edu.sa/data/files/mathonly/PHOTOS/shahzadsarwar.JPG
"Dr.Al-Shammari, K. A.",https://mathfiles.kfupm.edu.sa/data/files/mathonly/PHOTOS/kshamari.JPG
"Dr.Tatar, A. E.",https://mathfiles.kfupm.edu.sa/data/files/mathonly/PHOTOS/atatar.JPG
"Dr.Tawfiq, H. Z.",https://mathfiles.kfupm.edu.sa/data/files/mathonly/PHOTOS/hattan.JPG
"Mr.Anabosi, R. F.",https://mathfiles.kfupm.edu.sa/data/files/mathonly/PHOTOS/anabosir.JPG
"Dr.Kafini, M.",https://mathfiles.kfupm.edu.sa/data/files/mathonly/PHOTOS/mkafini.JPG
"Mr.Malik, M. A.",https://mathfiles.kfupm.edu.sa/data/files/mathonly/PHOTOS/mmalik.JPG
"Mr.Saleh, M. F.",https://mathfiles.kfupm.edu.sa/data/files/mathonly/PHOTOS/mohfarah.JPG
"Mr.Al-Sawi, E. A.",https://mathfiles.kfupm.edu.sa/data/files/mathonly/PHOTOS/alsawies.JPG
"Mr.Shehadeh, Y. M.",https://mathfiles.kfupm.edu.sa/data/files/mathonly/PHOTOS/shehadeh.JPG
"Mr.Ahmad, S.",https://mathfiles.kfupm.edu.sa/data/files/mathonly/PHOTOS/shahbazahmad.JPG
"Mr.Sarumi, I.",https://mathfiles.kfupm.edu.sa/data/files/mathonly/PHOTOS/isarumi.JPG
"Mr.Suwayyid, F. A.",https://mathfiles.kfupm.edu.sa/data/files/mathonly/PHOTOS/faisalsuwayyid.JPG
"Dr.Hassan, J. H.",https://mathfiles.kfupm.edu.sa/data/files/mathonly/PHOTOS/jamiluhashimhassan.JPG