Abdullah Alwaleedi,http://www.kfupm.edu.sa/departments/pe/Lists/Faculties/Attachments/4/Y24A5909.JPG
ABDUSSALAM KANNIYAN,http://www.kfupm.edu.sa/departments/pe/Lists/Faculties/Attachments/5/Y24A5921.JPG
ADEWALE OLUMIDE ADEJUMO,http://www.kfupm.edu.sa/departments/pe/Lists/Faculties/Attachments/6/Y24A5942.JPG
Ali ibeid,http://www.kfupm.edu.sa/departments/pe/Lists/Faculties/Attachments/7/Y24A5926.JPG
ERDOGAN TABUR,http://www.kfupm.edu.sa/departments/pe/Lists/Faculties/Attachments/8/Y24A5938.JPG
Ertan Tufekcioglu,http://www.kfupm.edu.sa/departments/pe/Lists/Faculties/Attachments/9/Y24A5899.JPG
Habeb A Rabaan,http://www.kfupm.edu.sa/departments/pe/Lists/Faculties/Attachments/10/Y24A5930.JPG
Hamed Abuhilal,http://www.kfupm.edu.sa/departments/pe/Lists/Faculties/Attachments/11/Y24A5925.JPG
Hassan almoslim,http://www.kfupm.edu.sa/departments/pe/Lists/Faculties/Attachments/12/Y24A5934.JPG
Hong Jun Choi,http://www.kfupm.edu.sa/departments/pe/Lists/Faculties/Attachments/13/Y24A5891.JPG
John allen,http://www.kfupm.edu.sa/departments/pe/Lists/Faculties/Attachments/14/Y24A5918.JPG
Kaukab AZEEM,http://www.kfupm.edu.sa/dept_siteassets/images/staff.png
Martin Pacholek,http://www.kfupm.edu.sa/departments/pe/Lists/Faculties/Attachments/16/Y24A5915.JPG
Moataz Bellah Mohamed Hassanain,http://www.kfupm.edu.sa/departments/pe/Lists/Faculties/Attachments/17/Y24A5906.JPG
Mohammed Hamdan Hashem Mohammed,http://www.kfupm.edu.sa/departments/pe/Lists/Faculties/Attachments/18/Mohammad%20hamdan.jpg
Phil Watkins,http://www.kfupm.edu.sa/departments/pe/Lists/Faculties/Attachments/19/Y24A5911.JPG
Rakesh Tomar,http://www.kfupm.edu.sa/departments/pe/Lists/Faculties/Attachments/20/Y24A5902.JPG
Shin SeungMin,http://www.kfupm.edu.sa/departments/pe/Lists/Faculties/Attachments/21/Y24A5912.JPG
Syed Ibrahim,http://www.kfupm.edu.sa/departments/pe/Lists/Faculties/Attachments/22/Y24A5932.JPG
Varghese C Antony,http://www.kfupm.edu.sa/departments/pe/Lists/Faculties/Attachments/23/Y24A5904.JPG
